資産コード,枝番,移動日,事由コード,事由,部門コード（移動後）,設置場所コード（移動後）,参照リンク
SSKM000100001,001,2023/06/04,3002,移転のため,BM0002,STBS0002,https://test.movement.vn
SSKM000100002,001,2023/06/04,3002,移転のため,BM0002,STBS0002,https://test.movement.vn
SSKM000100003,001,2023/06/04,3002,移転のため,BM0002,STBS0002,https://test.movement.vn
SSKM000100004,001,2023/06/04,3002,移転のため,BM0002,STBS0002,https://test.movement.vn
SSKM000100005,001,2023/06/04,3002,移転のため,BM0002,STBS0002,https://test.movement.vn
SSKM000100006,001,2023/06/04,3002,移転のため,BM0002,STBS0002,https://test.movement.vn
SSKM000100007,001,2023/06/04,3002,移転のため,BM0002,STBS0002,https://test.movement.vn
SSKM000100008,001,2023/06/04,3002,移転のため,BM0002,STBS0002,https://test.movement.vn
SSKM000100009,001,2023/06/04,3002,移転のため,BM0002,STBS0002,https://test.movement.vn
SSKM000100010,001,2023/06/04,3002,移転のため,BM0002,STBS0002,https://test.movement.vn
SSKM000100011,001,2023/06/04,3002,移転のため,BM0002,STBS0002,https://test.movement.vn
SSKM000100012,001,2023/06/04,3002,移転のため,BM0002,STBS0002,https://test.movement.vn
SSKM000100013,001,2023/06/04,3002,移転のため,BM0002,STBS0002,https://test.movement.vn
SSKM000100014,001,2023/06/04,3002,移転のため,BM0002,STBS0002,https://test.movement.vn
SSKM000100015,001,2023/06/04,3002,移転のため,BM0002,STBS0002,https://test.movement.vn
SSKM000100016,001,2023/06/04,3002,移転のため,BM0002,STBS0002,https://test.movement.vn
SSKM000100017,001,2023/06/04,3002,移転のため,BM0002,STBS0002,https://test.movement.vn
SSKM000100018,001,2023/06/04,3002,移転のため,BM0002,STBS0002,https://test.movement.vn
SSKM000100019,001,2023/06/04,3002,移転のため,BM0002,STBS0002,https://test.movement.vn
SSKM000100020,001,2023/06/04,3002,移転のため,BM0002,STBS0002,https://test.movement.vn
SSKM000100021,001,2023/06/04,3002,移転のため,BM0002,STBS0002,https://test.movement.vn
SSKM000100022,001,2023/06/04,3002,移転のため,BM0002,STBS0002,https://test.movement.vn
SSKM000100023,001,2023/06/04,3002,移転のため,BM0002,STBS0002,https://test.movement.vn
SSKM000100024,001,2023/06/04,3002,移転のため,BM0002,STBS0002,https://test.movement.vn
SSKM000100025,001,2023/06/04,3002,移転のため,BM0002,STBS0002,https://test.movement.vn
SSKM000100026,001,2023/06/04,3002,移転のため,BM0002,STBS0002,https://test.movement.vn
SSKM000100027,001,2023/06/04,3002,移転のため,BM0002,STBS0002,https://test.movement.vn
SSKM000100028,001,2023/06/04,3002,移転のため,BM0002,STBS0002,https://test.movement.vn
SSKM000100029,001,2023/06/04,3002,移転のため,BM0002,STBS0002,https://test.movement.vn
SSKM000100030,001,2023/06/04,3002,移転のため,BM0002,STBS0002,https://test.movement.vn
SSKM000100031,001,2023/06/04,3002,移転のため,BM0002,STBS0002,https://test.movement.vn
SSKM000100032,001,2023/06/04,3002,移転のため,BM0002,STBS0002,https://test.movement.vn
SSKM000100033,001,2023/06/04,3002,移転のため,BM0002,STBS0002,https://test.movement.vn
SSKM000100034,001,2023/06/04,3002,移転のため,BM0002,STBS0002,https://test.movement.vn
SSKM000100035,001,2023/06/04,3002,移転のため,BM0002,STBS0002,https://test.movement.vn
SSKM000100036,001,2023/06/04,3002,移転のため,BM0002,STBS0002,https://test.movement.vn
SSKM000100037,001,2023/06/04,3002,移転のため,BM0002,STBS0002,https://test.movement.vn
SSKM000100038,001,2023/06/04,3002,移転のため,BM0002,STBS0002,https://test.movement.vn
SSKM000100039,001,2023/06/04,3002,移転のため,BM0002,STBS0002,https://test.movement.vn
SSKM000100040,001,2023/06/04,3002,移転のため,BM0002,STBS0002,https://test.movement.vn
SSKM000100041,001,2023/06/04,3002,移転のため,BM0002,STBS0002,https://test.movement.vn
SSKM000100042,001,2023/06/04,3002,移転のため,BM0002,STBS0002,https://test.movement.vn
SSKM000100043,001,2023/06/04,3002,移転のため,BM0002,STBS0002,https://test.movement.vn
SSKM000100044,001,2023/06/04,3002,移転のため,BM0002,STBS0002,https://test.movement.vn
SSKM000100045,001,2023/06/04,3002,移転のため,BM0002,STBS0002,https://test.movement.vn
SSKM000100046,001,2023/06/04,3002,移転のため,BM0002,STBS0002,https://test.movement.vn
SSKM000100047,001,2023/06/04,3002,移転のため,BM0002,STBS0002,https://test.movement.vn
SSKM000100048,001,2023/06/04,3002,移転のため,BM0002,STBS0002,https://test.movement.vn
SSKM000100049,001,2023/06/04,3002,移転のため,BM0002,STBS0002,https://test.movement.vn
SSKM000100050,001,2023/06/04,3002,移転のため,BM0002,STBS0002,https://test.movement.vn
SSKM000100051,001,2023/06/04,3002,移転のため,BM0002,STBS0002,https://test.movement.vn
SSKM000100052,001,2023/06/04,3002,移転のため,BM0002,STBS0002,https://test.movement.vn
SSKM000100053,001,2023/06/04,3002,移転のため,BM0002,STBS0002,https://test.movement.vn
SSKM000100054,001,2023/06/04,3002,移転のため,BM0002,STBS0002,https://test.movement.vn
SSKM000100055,001,2023/06/04,3002,移転のため,BM0002,STBS0002,https://test.movement.vn
SSKM000100056,001,2023/06/04,3002,移転のため,BM0002,STBS0002,https://test.movement.vn
SSKM000100057,001,2023/06/04,3002,移転のため,BM0002,STBS0002,https://test.movement.vn
SSKM000100058,001,2023/06/04,3002,移転のため,BM0002,STBS0002,https://test.movement.vn
SSKM000100059,001,2023/06/04,3002,移転のため,BM0002,STBS0002,https://test.movement.vn
SSKM000100060,001,2023/06/04,3002,移転のため,BM0002,STBS0002,https://test.movement.vn
SSKM000100061,001,2023/06/04,3002,移転のため,BM0002,STBS0002,https://test.movement.vn
SSKM000100062,001,2023/06/04,3002,移転のため,BM0002,STBS0002,https://test.movement.vn
SSKM000100063,001,2023/06/04,3002,移転のため,BM0002,STBS0002,https://test.movement.vn
SSKM000100064,001,2023/06/04,3002,移転のため,BM0002,STBS0002,https://test.movement.vn
SSKM000100065,001,2023/06/04,3002,移転のため,BM0002,STBS0002,https://test.movement.vn
SSKM000100066,001,2023/06/04,3002,移転のため,BM0002,STBS0002,https://test.movement.vn
SSKM000100067,001,2023/06/04,3002,移転のため,BM0002,STBS0002,https://test.movement.vn
SSKM000100068,001,2023/06/04,3002,移転のため,BM0002,STBS0002,https://test.movement.vn
SSKM000100069,001,2023/06/04,3002,移転のため,BM0002,STBS0002,https://test.movement.vn
SSKM000100070,001,2023/06/04,3002,移転のため,BM0002,STBS0002,https://test.movement.vn
SSKM000100071,001,2023/06/04,3002,移転のため,BM0002,STBS0002,https://test.movement.vn
SSKM000100072,001,2023/06/04,3002,移転のため,BM0002,STBS0002,https://test.movement.vn
SSKM000100073,001,2023/06/04,3002,移転のため,BM0002,STBS0002,https://test.movement.vn
SSKM000100074,001,2023/06/04,3002,移転のため,BM0002,STBS0002,https://test.movement.vn
SSKM000100075,001,2023/06/04,3002,移転のため,BM0002,STBS0002,https://test.movement.vn
SSKM000100076,001,2023/06/04,3002,移転のため,BM0002,STBS0002,https://test.movement.vn
SSKM000100077,001,2023/06/04,3002,移転のため,BM0002,STBS0002,https://test.movement.vn
SSKM000100078,001,2023/06/04,3002,移転のため,BM0002,STBS0002,https://test.movement.vn
SSKM000100079,001,2023/06/04,3002,移転のため,BM0002,STBS0002,https://test.movement.vn
SSKM000100080,001,2023/06/04,3002,移転のため,BM0002,STBS0002,https://test.movement.vn
SSKM000100081,001,2023/06/04,3002,移転のため,BM0002,STBS0002,https://test.movement.vn
SSKM000100082,001,2023/06/04,3002,移転のため,BM0002,STBS0002,https://test.movement.vn
SSKM000100083,001,2023/06/04,3002,移転のため,BM0002,STBS0002,https://test.movement.vn
SSKM000100084,001,2023/06/04,3002,移転のため,BM0002,STBS0002,https://test.movement.vn
SSKM000100085,001,2023/06/04,3002,移転のため,BM0002,STBS0002,https://test.movement.vn
SSKM000100086,001,2023/06/04,3002,移転のため,BM0002,STBS0002,https://test.movement.vn
SSKM000100087,001,2023/06/04,3002,移転のため,BM0002,STBS0002,https://test.movement.vn
SSKM000100088,001,2023/06/04,3002,移転のため,BM0002,STBS0002,https://test.movement.vn
SSKM000100089,001,2023/06/04,3002,移転のため,BM0002,STBS0002,https://test.movement.vn
SSKM000100090,001,2023/06/04,3002,移転のため,BM0002,STBS0002,https://test.movement.vn
SSKM000100091,001,2023/06/04,3002,移転のため,BM0002,STBS0002,https://test.movement.vn
SSKM000100092,001,2023/06/04,3002,移転のため,BM0002,STBS0002,https://test.movement.vn
SSKM000100093,001,2023/06/04,3002,移転のため,BM0002,STBS0002,https://test.movement.vn
SSKM000100094,001,2023/06/04,3002,移転のため,BM0002,STBS0002,https://test.movement.vn
SSKM000100095,001,2023/06/04,3002,移転のため,BM0002,STBS0002,https://test.movement.vn
SSKM000100096,001,2023/06/04,3002,移転のため,BM0002,STBS0002,https://test.movement.vn
SSKM000100097,001,2023/06/04,3002,移転のため,BM0002,STBS0002,https://test.movement.vn
SSKM000100098,001,2023/06/04,3002,移転のため,BM0002,STBS0002,https://test.movement.vn
SSKM000100099,001,2023/06/04,3002,移転のため,BM0002,STBS0002,https://test.movement.vn
SSKM000100100,001,2023/06/04,3002,移転のため,BM0002,STBS0002,https://test.movement.vn
SSKM000100101,001,2023/06/04,3002,移転のため,BM0002,STBS0002,https://test.movement.vn
SSKM000100102,001,2023/06/04,3002,移転のため,BM0002,STBS0002,https://test.movement.vn
SSKM000100103,001,2023/06/04,3002,移転のため,BM0002,STBS0002,https://test.movement.vn
SSKM000100104,001,2023/06/04,3002,移転のため,BM0002,STBS0002,https://test.movement.vn
SSKM000100105,001,2023/06/04,3002,移転のため,BM0002,STBS0002,https://test.movement.vn
SSKM000100106,001,2023/06/04,3002,移転のため,BM0002,STBS0002,https://test.movement.vn
SSKM000100107,001,2023/06/04,3002,移転のため,BM0002,STBS0002,https://test.movement.vn
SSKM000100108,001,2023/06/04,3002,移転のため,BM0002,STBS0002,https://test.movement.vn
SSKM000100109,001,2023/06/04,3002,移転のため,BM0002,STBS0002,https://test.movement.vn
SSKM000100110,001,2023/06/04,3002,移転のため,BM0002,STBS0002,https://test.movement.vn
SSKM000100111,001,2023/06/04,3002,移転のため,BM0002,STBS0002,https://test.movement.vn
SSKM000100112,001,2023/06/04,3002,移転のため,BM0002,STBS0002,https://test.movement.vn
SSKM000100113,001,2023/06/04,3002,移転のため,BM0002,STBS0002,https://test.movement.vn
SSKM000100114,001,2023/06/04,3002,移転のため,BM0002,STBS0002,https://test.movement.vn
SSKM000100115,001,2023/06/04,3002,移転のため,BM0002,STBS0002,https://test.movement.vn
SSKM000100116,001,2023/06/04,3002,移転のため,BM0002,STBS0002,https://test.movement.vn
SSKM000100117,001,2023/06/04,3002,移転のため,BM0002,STBS0002,https://test.movement.vn
SSKM000100118,001,2023/06/04,3002,移転のため,BM0002,STBS0002,https://test.movement.vn
SSKM000100119,001,2023/06/04,3002,移転のため,BM0002,STBS0002,https://test.movement.vn
SSKM000100120,001,2023/06/04,3002,移転のため,BM0002,STBS0002,https://test.movement.vn
SSKM000100121,001,2023/06/04,3002,移転のため,BM0002,STBS0002,https://test.movement.vn
SSKM000100122,001,2023/06/04,3002,移転のため,BM0002,STBS0002,https://test.movement.vn
SSKM000100123,001,2023/06/04,3002,移転のため,BM0002,STBS0002,https://test.movement.vn
SSKM000100124,001,2023/06/04,3002,移転のため,BM0002,STBS0002,https://test.movement.vn
SSKM000100125,001,2023/06/04,3002,移転のため,BM0002,STBS0002,https://test.movement.vn
SSKM000100126,001,2023/06/04,3002,移転のため,BM0002,STBS0002,https://test.movement.vn
SSKM000100127,001,2023/06/04,3002,移転のため,BM0002,STBS0002,https://test.movement.vn
SSKM000100128,001,2023/06/04,3002,移転のため,BM0002,STBS0002,https://test.movement.vn
SSKM000100129,001,2023/06/04,3002,移転のため,BM0002,STBS0002,https://test.movement.vn
SSKM000100130,001,2023/06/04,3002,移転のため,BM0002,STBS0002,https://test.movement.vn
SSKM000100131,001,2023/06/04,3002,移転のため,BM0002,STBS0002,https://test.movement.vn
SSKM000100132,001,2023/06/04,3002,移転のため,BM0002,STBS0002,https://test.movement.vn
SSKM000100133,001,2023/06/04,3002,移転のため,BM0002,STBS0002,https://test.movement.vn
SSKM000100134,001,2023/06/04,3002,移転のため,BM0002,STBS0002,https://test.movement.vn
SSKM000100135,001,2023/06/04,3002,移転のため,BM0002,STBS0002,https://test.movement.vn
SSKM000100136,001,2023/06/04,3002,移転のため,BM0002,STBS0002,https://test.movement.vn
SSKM000100137,001,2023/06/04,3002,移転のため,BM0002,STBS0002,https://test.movement.vn
SSKM000100138,001,2023/06/04,3002,移転のため,BM0002,STBS0002,https://test.movement.vn
SSKM000100139,001,2023/06/04,3002,移転のため,BM0002,STBS0002,https://test.movement.vn
SSKM000100140,001,2023/06/04,3002,移転のため,BM0002,STBS0002,https://test.movement.vn
SSKM000100141,001,2023/06/04,3002,移転のため,BM0002,STBS0002,https://test.movement.vn
SSKM000100142,001,2023/06/04,3002,移転のため,BM0002,STBS0002,https://test.movement.vn
SSKM000100143,001,2023/06/04,3002,移転のため,BM0002,STBS0002,https://test.movement.vn
SSKM000100144,001,2023/06/04,3002,移転のため,BM0002,STBS0002,https://test.movement.vn
SSKM000100145,001,2023/06/04,3002,移転のため,BM0002,STBS0002,https://test.movement.vn
SSKM000100146,001,2023/06/04,3002,移転のため,BM0002,STBS0002,https://test.movement.vn
SSKM000100147,001,2023/06/04,3002,移転のため,BM0002,STBS0002,https://test.movement.vn
SSKM000100148,001,2023/06/04,3002,移転のため,BM0002,STBS0002,https://test.movement.vn
SSKM000100149,001,2023/06/04,3002,移転のため,BM0002,STBS0002,https://test.movement.vn
SSKM000100150,001,2023/06/04,3002,移転のため,BM0002,STBS0002,https://test.movement.vn
SSKM000100151,001,2023/06/04,3002,移転のため,BM0002,STBS0002,https://test.movement.vn
SSKM000100152,001,2023/06/04,3002,移転のため,BM0002,STBS0002,https://test.movement.vn
SSKM000100153,001,2023/06/04,3002,移転のため,BM0002,STBS0002,https://test.movement.vn
SSKM000100154,001,2023/06/04,3002,移転のため,BM0002,STBS0002,https://test.movement.vn
SSKM000100155,001,2023/06/04,3002,移転のため,BM0002,STBS0002,https://test.movement.vn
SSKM000100156,001,2023/06/04,3002,移転のため,BM0002,STBS0002,https://test.movement.vn
SSKM000100157,001,2023/06/04,3002,移転のため,BM0002,STBS0002,https://test.movement.vn
SSKM000100158,001,2023/06/04,3002,移転のため,BM0002,STBS0002,https://test.movement.vn
SSKM000100159,001,2023/06/04,3002,移転のため,BM0002,STBS0002,https://test.movement.vn
SSKM000100160,001,2023/06/04,3002,移転のため,BM0002,STBS0002,https://test.movement.vn
SSKM000100161,001,2023/06/04,3002,移転のため,BM0002,STBS0002,https://test.movement.vn
SSKM000100162,001,2023/06/04,3002,移転のため,BM0002,STBS0002,https://test.movement.vn
SSKM000100163,001,2023/06/04,3002,移転のため,BM0002,STBS0002,https://test.movement.vn
SSKM000100164,001,2023/06/04,3002,移転のため,BM0002,STBS0002,https://test.movement.vn
SSKM000100165,001,2023/06/04,3002,移転のため,BM0002,STBS0002,https://test.movement.vn
SSKM000100166,001,2023/06/04,3002,移転のため,BM0002,STBS0002,https://test.movement.vn
SSKM000100167,001,2023/06/04,3002,移転のため,BM0002,STBS0002,https://test.movement.vn
SSKM000100168,001,2023/06/04,3002,移転のため,BM0002,STBS0002,https://test.movement.vn
SSKM000100169,001,2023/06/04,3002,移転のため,BM0002,STBS0002,https://test.movement.vn
SSKM000100170,001,2023/06/04,3002,移転のため,BM0002,STBS0002,https://test.movement.vn
SSKM000100171,001,2023/06/04,3002,移転のため,BM0002,STBS0002,https://test.movement.vn
SSKM000100172,001,2023/06/04,3002,移転のため,BM0002,STBS0002,https://test.movement.vn
SSKM000100173,001,2023/06/04,3002,移転のため,BM0002,STBS0002,https://test.movement.vn
SSKM000100174,001,2023/06/04,3002,移転のため,BM0002,STBS0002,https://test.movement.vn
SSKM000100175,001,2023/06/04,3002,移転のため,BM0002,STBS0002,https://test.movement.vn
SSKM000100176,001,2023/06/04,3002,移転のため,BM0002,STBS0002,https://test.movement.vn
SSKM000100177,001,2023/06/04,3002,移転のため,BM0002,STBS0002,https://test.movement.vn
SSKM000100178,001,2023/06/04,3002,移転のため,BM0002,STBS0002,https://test.movement.vn
SSKM000100179,001,2023/06/04,3002,移転のため,BM0002,STBS0002,https://test.movement.vn
SSKM000100180,001,2023/06/04,3002,移転のため,BM0002,STBS0002,https://test.movement.vn
SSKM000100181,001,2023/06/04,3002,移転のため,BM0002,STBS0002,https://test.movement.vn
SSKM000100182,001,2023/06/04,3002,移転のため,BM0002,STBS0002,https://test.movement.vn
SSKM000100183,001,2023/06/04,3002,移転のため,BM0002,STBS0002,https://test.movement.vn
SSKM000100184,001,2023/06/04,3002,移転のため,BM0002,STBS0002,https://test.movement.vn
SSKM000100185,001,2023/06/04,3002,移転のため,BM0002,STBS0002,https://test.movement.vn
SSKM000100186,001,2023/06/04,3002,移転のため,BM0002,STBS0002,https://test.movement.vn
SSKM000100187,001,2023/06/04,3002,移転のため,BM0002,STBS0002,https://test.movement.vn
SSKM000100188,001,2023/06/04,3002,移転のため,BM0002,STBS0002,https://test.movement.vn
SSKM000100189,001,2023/06/04,3002,移転のため,BM0002,STBS0002,https://test.movement.vn
SSKM000100190,001,2023/06/04,3002,移転のため,BM0002,STBS0002,https://test.movement.vn
SSKM000100191,001,2023/06/04,3002,移転のため,BM0002,STBS0002,https://test.movement.vn
SSKM000100192,001,2023/06/04,3002,移転のため,BM0002,STBS0002,https://test.movement.vn
SSKM000100193,001,2023/06/04,3002,移転のため,BM0002,STBS0002,https://test.movement.vn
SSKM000100194,001,2023/06/04,3002,移転のため,BM0002,STBS0002,https://test.movement.vn
SSKM000100195,001,2023/06/04,3002,移転のため,BM0002,STBS0002,https://test.movement.vn
SSKM000100196,001,2023/06/04,3002,移転のため,BM0002,STBS0002,https://test.movement.vn
SSKM000100197,001,2023/06/04,3002,移転のため,BM0002,STBS0002,https://test.movement.vn
SSKM000100198,001,2023/06/04,3002,移転のため,BM0002,STBS0002,https://test.movement.vn
SSKM000100199,001,2023/06/04,3002,移転のため,BM0002,STBS0002,https://test.movement.vn
SSKM000100200,001,2023/06/04,3002,移転のため,BM0002,STBS0002,https://test.movement.vn
SSKM000100201,001,2023/06/04,3002,移転のため,BM0002,STBS0002,https://test.movement.vn
SSKM000100202,001,2023/06/04,3002,移転のため,BM0002,STBS0002,https://test.movement.vn
SSKM000100203,001,2023/06/04,3002,移転のため,BM0002,STBS0002,https://test.movement.vn
SSKM000100204,001,2023/06/04,3002,移転のため,BM0002,STBS0002,https://test.movement.vn
SSKM000100205,001,2023/06/04,3002,移転のため,BM0002,STBS0002,https://test.movement.vn
SSKM000100206,001,2023/06/04,3002,移転のため,BM0002,STBS0002,https://test.movement.vn
SSKM000100207,001,2023/06/04,3002,移転のため,BM0002,STBS0002,https://test.movement.vn
SSKM000100208,001,2023/06/04,3002,移転のため,BM0002,STBS0002,https://test.movement.vn
SSKM000100209,001,2023/06/04,3002,移転のため,BM0002,STBS0002,https://test.movement.vn
SSKM000100210,001,2023/06/04,3002,移転のため,BM0002,STBS0002,https://test.movement.vn
SSKM000100211,001,2023/06/04,3002,移転のため,BM0002,STBS0002,https://test.movement.vn
SSKM000100212,001,2023/06/04,3002,移転のため,BM0002,STBS0002,https://test.movement.vn
SSKM000100213,001,2023/06/04,3002,移転のため,BM0002,STBS0002,https://test.movement.vn
SSKM000100214,001,2023/06/04,3002,移転のため,BM0002,STBS0002,https://test.movement.vn
SSKM000100215,001,2023/06/04,3002,移転のため,BM0002,STBS0002,https://test.movement.vn
SSKM000100216,001,2023/06/04,3002,移転のため,BM0002,STBS0002,https://test.movement.vn
SSKM000100217,001,2023/06/04,3002,移転のため,BM0002,STBS0002,https://test.movement.vn
SSKM000100218,001,2023/06/04,3002,移転のため,BM0002,STBS0002,https://test.movement.vn
SSKM000100219,001,2023/06/04,3002,移転のため,BM0002,STBS0002,https://test.movement.vn
SSKM000100220,001,2023/06/04,3002,移転のため,BM0002,STBS0002,https://test.movement.vn
SSKM000100221,001,2023/06/04,3002,移転のため,BM0002,STBS0002,https://test.movement.vn
SSKM000100222,001,2023/06/04,3002,移転のため,BM0002,STBS0002,https://test.movement.vn
SSKM000100223,001,2023/06/04,3002,移転のため,BM0002,STBS0002,https://test.movement.vn
SSKM000100224,001,2023/06/04,3002,移転のため,BM0002,STBS0002,https://test.movement.vn
SSKM000100225,001,2023/06/04,3002,移転のため,BM0002,STBS0002,https://test.movement.vn
SSKM000100226,001,2023/06/04,3002,移転のため,BM0002,STBS0002,https://test.movement.vn
SSKM000100227,001,2023/06/04,3002,移転のため,BM0002,STBS0002,https://test.movement.vn
SSKM000100228,001,2023/06/04,3002,移転のため,BM0002,STBS0002,https://test.movement.vn
SSKM000100229,001,2023/06/04,3002,移転のため,BM0002,STBS0002,https://test.movement.vn
SSKM000100230,001,2023/06/04,3002,移転のため,BM0002,STBS0002,https://test.movement.vn
SSKM000100231,001,2023/06/04,3002,移転のため,BM0002,STBS0002,https://test.movement.vn
SSKM000100232,001,2023/06/04,3002,移転のため,BM0002,STBS0002,https://test.movement.vn
SSKM000100233,001,2023/06/04,3002,移転のため,BM0002,STBS0002,https://test.movement.vn
SSKM000100234,001,2023/06/04,3002,移転のため,BM0002,STBS0002,https://test.movement.vn
SSKM000100235,001,2023/06/04,3002,移転のため,BM0002,STBS0002,https://test.movement.vn
SSKM000100236,001,2023/06/04,3002,移転のため,BM0002,STBS0002,https://test.movement.vn
SSKM000100237,001,2023/06/04,3002,移転のため,BM0002,STBS0002,https://test.movement.vn
SSKM000100238,001,2023/06/04,3002,移転のため,BM0002,STBS0002,https://test.movement.vn
SSKM000100239,001,2023/06/04,3002,移転のため,BM0002,STBS0002,https://test.movement.vn
SSKM000100240,001,2023/06/04,3002,移転のため,BM0002,STBS0002,https://test.movement.vn
SSKM000100241,001,2023/06/04,3002,移転のため,BM0002,STBS0002,https://test.movement.vn
SSKM000100242,001,2023/06/04,3002,移転のため,BM0002,STBS0002,https://test.movement.vn
SSKM000100243,001,2023/06/04,3002,移転のため,BM0002,STBS0002,https://test.movement.vn
SSKM000100244,001,2023/06/04,3002,移転のため,BM0002,STBS0002,https://test.movement.vn
SSKM000100245,001,2023/06/04,3002,移転のため,BM0002,STBS0002,https://test.movement.vn
SSKM000100246,001,2023/06/04,3002,移転のため,BM0002,STBS0002,https://test.movement.vn
SSKM000100247,001,2023/06/04,3002,移転のため,BM0002,STBS0002,https://test.movement.vn
SSKM000100248,001,2023/06/04,3002,移転のため,BM0002,STBS0002,https://test.movement.vn
SSKM000100249,001,2023/06/04,3002,移転のため,BM0002,STBS0002,https://test.movement.vn
SSKM000100250,001,2023/06/04,3002,移転のため,BM0002,STBS0002,https://test.movement.vn